{"Simulation index": 2, "Distance unit": "mm", "Simulation Start": "12/10/2022 13:57:38", "Elapsed Time": "0.12 ms", "Error Found": "None", "1": {"1": {"1": 4957.665309646988, "2": 4959.665309646988, "3": 4945.665309646988, "4": 4962.665309646988, "5": 4956.665309646988, "6": 4963.665309646988, "7": 4954.665309646988, "8": 4953.665309646988, "9": 4956.665309646988, "10": 4955.665309646988, "11": 4951.665309646988, "12": 4945.665309646988, "13": 4961.665309646988, "14": 4962.665309646988, "15": 4957.665309646988, "16": 4945.665309646988, "17": 4954.665309646988, "18": 4943.665309646988, "19": 4955.665309646988, "20": 4959.665309646988, "21": 4947.665309646988, "22": 4947.665309646988, "23": 4962.665309646988, "24": 4957.665309646988, "25": 4957.665309646988, "26": 4958.665309646988, "27": 4953.665309646988, "28": 4963.665309646988, "29": 4948.665309646988, "30": 4962.665309646988, "31": 4962.665309646988, "32": 4944.665309646988, "33": 4953.665309646988, "34": 4960.665309646988, "35": 4950.665309646988, "36": 4961.665309646988, "37": 4951.665309646988, "38": 4957.665309646988, "39": 4953.665309646988, "40": 4949.665309646988, "41": 4956.665309646988, "42": 4960.665309646988, "43": 4961.665309646988, "44": 4955.665309646988, "45": 4957.665309646988, "46": 4954.665309646988, "47": 4954.665309646988, "48": 4959.665309646988, "49": 4943.665309646988, "50": 4946.665309646988, "51": 4950.665309646988, "52": 4947.665309646988, "53": 4953.665309646988, "54": 4949.665309646988, "55": 4954.665309646988, "56": 4962.665309646988, "57": 4955.665309646988, "58": 4951.665309646988, "59": 4952.665309646988, "60": 4957.665309646988, "61": 4959.665309646988, "62": 4945.665309646988, "63": 4943.665309646988, "64": 4959.665309646988, "65": 4956.665309646988, "66": 4958.665309646988, "67": 4950.665309646988, "68": 4962.665309646988, "69": 4957.665309646988, "70": 4952.665309646988, "71": 4946.665309646988, "72": 4945.665309646988, "73": 4945.665309646988, "74": 4953.665309646988, "75": 4958.665309646988, "76": 4944.665309646988, "77": 4949.665309646988, "78": 4945.665309646988, "79": 4944.665309646988, "80": 4957.665309646988, "81": 4945.665309646988, "82": 4960.665309646988, "83": 4954.665309646988, "84": 4954.665309646988, "85": 4958.665309646988, "86": 4949.665309646988, "87": 4959.665309646988, "88": 4961.665309646988, "89": 4950.665309646988, "90": 4963.665309646988, "91": 4954.665309646988, "92": 4956.665309646988, "93": 4961.665309646988, "94": 4952.665309646988, "95": 4955.665309646988, "96": 4944.665309646988, "97": 4946.665309646988, "98": 4950.665309646988, "99": 4954.665309646988, "100": 4957.665309646988, "101": 4958.665309646988, "102": 4947.665309646988, "103": 4943.665309646988, "104": 4950.665309646988, "105": 4960.665309646988, "106": 4945.665309646988, "107": 4959.665309646988, "108": 4956.665309646988, "109": 4955.665309646988, "110": 4953.665309646988, "111": 4950.665309646988, "112": 4960.665309646988, "113": 4945.665309646988, "114": 4962.665309646988, "115": 4959.665309646988, "116": 4946.665309646988, "117": 4943.665309646988, "118": 4960.665309646988, "119": 4953.665309646988, "120": 4962.665309646988, "121": 4951.665309646988, "122": 4945.665309646988, "123": 4944.665309646988, "124": 4947.665309646988, "125": 4949.665309646988, "126": 4958.665309646988, "127": 4951.665309646988, "128": 4954.665309646988, "129": 4953.665309646988, "130": 4955.665309646988, "131": 4947.665309646988, "132": 4947.665309646988, "133": 4963.665309646988, "134": 4963.665309646988, "135": 4946.665309646988, "136": 4956.665309646988, "137": 4960.665309646988, "138": 4944.665309646988, "139": 4957.665309646988, "140": 4963.665309646988, "141": 4959.665309646988, "142": 4951.665309646988, "143": 4955.665309646988, "144": 4943.665309646988, "145": 4953.665309646988, "146": 4948.665309646988, "147": 4959.665309646988, "148": 4955.665309646988, "149": 4953.665309646988, "150": 4956.665309646988, "151": 4945.665309646988, "152": 4951.665309646988, "153": 4954.665309646988, "154": 4949.665309646988, "155": 4946.665309646988, "156": 4950.665309646988, "157": 4949.665309646988, "158": 4947.665309646988, "159": 4947.665309646988, "160": 4952.665309646988, "161": 4946.665309646988, "162": 4954.665309646988, "163": 4955.665309646988, "164": 4962.665309646988, "165": 4950.665309646988, "166": 4950.665309646988, "167": 4945.665309646988, "168": 4945.665309646988, "169": 4947.665309646988, "170": 4962.665309646988, "171": 4956.665309646988, "172": 4951.665309646988, "173": 4944.665309646988, "174": 4955.665309646988, "175": 4963.665309646988, "176": 4950.665309646988, "177": 4946.665309646988, "178": 4951.665309646988, "179": 4944.665309646988, "180": 4951.665309646988, "181": 4952.665309646988, "182": 4946.665309646988, "183": 4945.665309646988, "184": 4944.665309646988, "185": 4943.665309646988, "186": 4945.665309646988, "187": 4955.665309646988, "188": 4945.665309646988, "189": 4961.665309646988, "190": 4947.665309646988, "191": 4954.665309646988, "192": 4950.665309646988, "193": 4952.665309646988, "194": 4954.665309646988, "195": 4963.665309646988, "196": 4953.665309646988, "197": 4963.665309646988, "198": 4953.665309646988, "199": 4953.665309646988, "200": 4962.665309646988, "201": 4956.665309646988, "202": 4952.665309646988, "203": 4949.665309646988, "204": 4958.665309646988, "205": 4952.665309646988, "206": 4949.665309646988, "207": 4962.665309646988, "208": 4955.665309646988, "209": 4954.665309646988, "210": 4952.665309646988, "211": 4943.665309646988, "212": 4956.665309646988, "213": 4943.665309646988, "214": 4950.665309646988, "215": 4943.665309646988, "216": 4957.665309646988, "217": 4959.665309646988, "218": 4944.665309646988, "219": 4953.665309646988, "220": 4959.665309646988, "221": 4945.665309646988, "222": 4951.665309646988, "223": 4944.665309646988, "224": 4962.665309646988, "225": 4949.665309646988, "226": 4948.665309646988, "227": 4957.665309646988, "228": 4949.665309646988, "229": 4955.665309646988, "230": 4951.665309646988, "231": 4954.665309646988, "232": 4956.665309646988, "233": 4956.665309646988, "234": 4943.665309646988, "235": 4947.665309646988, "236": 4954.665309646988, "237": 4959.665309646988, "238": 4959.665309646988, "239": 4952.665309646988, "240": 4948.665309646988, "241": 4945.665309646988, "242": 4954.665309646988, "243": 4954.665309646988, "244": 4943.665309646988, "245": 4948.665309646988, "246": 4962.665309646988, "247": 4949.665309646988, "248": 4947.665309646988, "249": 4961.665309646988, "250": 4948.665309646988, "251": 4956.665309646988, "252": 4949.665309646988, "253": 4952.665309646988, "254": 4947.665309646988, "255": 4955.665309646988, "256": 4947.665309646988, "257": 4953.665309646988, "258": 4954.665309646988, "259": 4959.665309646988, "260": 4949.665309646988, "261": 4944.665309646988, "262": 4954.665309646988, "263": 4947.665309646988, "264": 4955.665309646988, "265": 4945.665309646988, "266": 4958.665309646988, "267": 4960.665309646988, "268": 4946.665309646988, "269": 4946.665309646988, "270": 4948.665309646988, "271": 4962.665309646988, "272": 4956.665309646988, "273": 4955.665309646988, "274": 4963.665309646988, "275": 4961.665309646988, "276": 4948.665309646988, "277": 4947.665309646988, "278": 4947.665309646988, "279": 4946.665309646988, "280": 4956.665309646988, "281": 4948.665309646988, "282": 4952.665309646988, "283": 4959.665309646988, "284": 4962.665309646988, "285": 4953.665309646988, "286": 4963.665309646988, "287": 4959.665309646988, "288": 4963.665309646988, "289": 4958.665309646988, "290": 4947.665309646988, "291": 4960.665309646988, "292": 4948.665309646988, "293": 4959.665309646988, "294": 4950.665309646988, "295": 4958.665309646988, "296": 2796.8250399751055, "297": 2514.9999999999995, "298": 2349.4999999999986, "299": 2216.9999999999995, "300": 2086.609377361344, "301": 2007.5831362309511, "302": 1904.5568951005587, "303": 1831.061523515079, "304": 1749.7933215421888, "305": 1705.5251195693013,