{"Simulation index": 1, "Distance unit": "mm", "Simulation Start": "12/10/2022 13:59:10", "Elapsed Time": "0.12 ms", "Error Found": "None", "1": {"1": {"1": 6070.976182580577, "2": 6068.976182580577, "3": 6068.976182580577, "4": 6061.976182580577, "5": 6068.976182580577, "6": 6068.976182580577, "7": 6060.976182580577, "8": 6065.976182580577, "9": 6066.976182580577, "10": 6070.976182580577, "11": 6070.976182580577, "12": 6058.976182580577, "13": 6056.976182580577, "14": 6060.976182580577, "15": 6065.976182580577, "16": 6063.976182580577, "17": 6072.976182580577, "18": 6063.976182580577, "19": 6062.976182580577, "20": 6064.976182580577, "21": 6062.976182580577, "22": 6066.976182580577, "23": 6072.976182580577, "24": 6063.976182580577, "25": 6072.976182580577, "26": 6067.976182580577, "27": 6062.976182580577, "28": 6060.976182580577, "29": 6059.976182580577, "30": 6067.976182580577, "31": 6062.976182580577, "32": 6056.976182580577, "33": 6056.976182580577, "34": 6076.976182580577, "35": 6062.976182580577, "36": 6073.976182580577, "37": 6074.976182580577, "38": 6065.976182580577, "39": 6072.976182580577, "40": 6072.976182580577, "41": 6069.976182580577, "42": 6066.976182580577, "43": 6061.976182580577, "44": 6062.976182580577, "45": 6062.976182580577, "46": 6076.976182580577, "47": 6071.976182580577, "48": 6070.976182580577, "49": 6069.976182580577, "50": 6060.976182580577, "51": 6063.976182580577, "52": 6072.976182580577, "53": 6062.976182580577, "54": 6070.976182580577, "55": 6058.976182580577, "56": 6076.976182580577, "57": 6059.976182580577, "58": 6057.976182580577, "59": 6065.976182580577, "60": 6070.976182580577, "61": 6069.976182580577, "62": 6062.976182580577, "63": 6062.976182580577, "64": 6059.976182580577, "65": 6061.976182580577, "66": 6067.976182580577, "67": 6066.976182580577, "68": 6076.976182580577, "69": 6062.976182580577, "70": 6069.976182580577, "71": 6064.976182580577, "72": 6057.976182580577, "73": 6061.976182580577, "74": 6061.976182580577, "75": 6062.976182580577, "76": 6068.976182580577, "77": 6059.976182580577, "78": 6071.976182580577, "79": 6059.976182580577, "80": 6074.976182580577, "81": 6064.976182580577, "82": 6074.976182580577, "83": 6064.976182580577, "84": 6056.976182580577, "85": 6063.976182580577, "86": 6076.976182580577, "87": 6058.976182580577, "88": 6074.976182580577, "89": 6067.976182580577, "90": 6064.976182580577, "91": 6075.976182580577, "92": 6073.976182580577, "93": 6069.976182580577, "94": 6062.976182580577, "95": 6057.976182580577, "96": 6056.976182580577, "97": 6065.976182580577, "98": 6064.976182580577, "99": 6063.976182580577, "100": 6072.976182580577, "101": 6064.976182580577, "102": 6057.976182580577, "103": 6057.976182580577, "104": 6065.976182580577, "105": 6071.976182580577, "106": 6068.976182580577, "107": 6067.976182580577, "108": 6063.976182580577, "109": 6064.976182580577, "110": 6065.976182580577, "111": 6072.976182580577, "112": 6057.976182580577, "113": 6069.976182580577, "114": 6069.976182580577, "115": 6068.976182580577, "116": 6065.976182580577, "117": 6063.976182580577, "118": 6066.976182580577, "119": 6068.976182580577, "120": 6062.976182580577, "121": 6076.976182580577, "122": 6061.976182580577, "123": 6065.976182580577, "124": 6061.976182580577, "125": 6074.976182580577, "126": 6075.976182580577, "127": 6058.976182580577, "128": 6056.976182580577, "129": 6063.976182580577, "130": 6069.976182580577, "131": 6067.976182580577, "132": 6056.976182580577, "133": 6063.976182580577, "134": 6056.976182580577, "135": 6076.976182580577, "136": 6073.976182580577, "137": 6070.976182580577, "138": 6056.976182580577, "139": 6056.976182580577, "140": 6076.976182580577, "141": 6068.976182580577, "142": 6068.976182580577, "143": 6075.976182580577, "144": 6074.976182580577, "145": 6074.976182580577, "146": 6061.976182580577, "147": 6064.976182580577, "148": 6062.976182580577, "149": 6058.976182580577, "150": 6075.976182580577, "151": 6058.976182580577, "152": 6075.976182580577, "153": 6064.976182580577, "154": 6070.976182580577, "155": 6071.976182580577, "156": 6075.976182580577, "157": 6067.976182580577, "158": 6065.976182580577, "159": 6066.976182580577, "160": 6066.976182580577, "161": 6059.976182580577, "162": 6066.976182580577, "163": 6070.976182580577, "164": 6071.976182580577, "165": 6060.976182580577, "166": 6066.976182580577, "167": 6072.976182580577, "168": 6070.976182580577, "169": 6076.976182580577, "170": 6065.976182580577, "171": 6066.976182580577, "172": 6068.976182580577, "173": 6066.976182580577, "174": 6067.976182580577, "175": 6067.976182580577, "176": 6062.976182580577, "177": 6075.976182580577, "178": 6062.976182580577, "179": 6066.976182580577, "180": 6067.976182580577, "181": 6057.976182580577, "182": 6060.976182580577, "183": 6073.976182580577, "184": 6062.976182580577, "185": 6064.976182580577, "186": 6073.976182580577, "187": 6068.976182580577, "188": 6057.976182580577, "189": 6059.976182580577, "190": 6070.976182580577, "191": 6072.976182580577, "192": 6060.976182580577, "193": 6073.976182580577, "194": 6071.976182580577, "195": 6061.976182580577, "196": 6071.976182580577, "197": 6063.976182580577, "198": 6076.976182580577, "199": 6072.976182580577, "200": 6075.976182580577, "201": 6059.976182580577, "202": 6058.976182580577, "203": 6067.976182580577, "204": 6067.976182580577, "205": 6070.976182580577, "206": 6066.976182580577, "207": 6063.976182580577, "208": 6074.976182580577, "209": 6064.976182580577, "210": 6076.976182580577, "211": 6069.976182580577, "212": 6066.976182580577, "213": 6074.976182580577, "214": 6068.976182580577, "215": 6056.976182580577, "216": 6072.976182580577, "217": 6068.976182580577, "218": 6057.976182580577, "219": 6060.976182580577, "220": 6066.976182580577, "221": 6066.976182580577, "222": 6062.976182580577, "223": 6076.976182580577, "224": 6068.976182580577, "225": 6071.976182580577, "226": 6069.976182580577, "227": 6074.976182580577, "228": 6070.976182580577, "229": 6057.976182580577, "230": 6060.976182580577, "231": 6057.976182580577, "232": 6070.976182580577, "233": 6060.976182580577, "234": 6058.976182580577, "235": 6073.976182580577, "236": 6076.976182580577, "237": 6068.976182580577, "238": 6067.976182580577, "239": 6065.976182580577, "240": 6064.976182580577, "241": 6067.976182580577, "242": 6058.976182580577, "243": 6062.976182580577, "244": 6071.976182580577, "245": 6075.976182580577, "246": 6071.976182580577, "247": 6056.976182580577, "248": 6067.976182580577, "249": 6061.976182580577, "250": 6060.976182580577, "251": 6060.976182580577, "252": 6076.976182580577, "253": 6066.976182580577, "254": 6068.976182580577, "255": 6069.976182580577, "256": 6073.976182580577, "257": 6061.976182580577, "258": 6072.976182580577, "259": 6065.976182580577, "260": 6071.976182580577, "261": 6057.976182580577, "262": 6061.976182580577, "263": 6064.976182580577, "264": 6062.976182580577, "265": 6064.976182580577, "266": 6059.976182580577, "267": 6070.976182580577, "268": 6060.976182580577, "269": 6076.976182580577, "270": 6061.976182580577, "271": 6075.976182580577, "272": 6057.976182580577, "273": 6066.976182580577, "274": 6057.976182580577, "275": 6056.976182580577, "276": 6072.976182580577, "277": 6073.976182580577, "278": 6063.976182580577, "279": 6058.976182580577, "280": 6069.976182580577, "281": 3756.8583284441333, "282": 3461.343150259887, "283": 3308.8351147505837, "284": 3150.3270792412804, "285": 3043.4880912902904, "286": 2920.4827342840877, "287": 2830.4773772778854, "288": 2718.4720202716835, "289": 2621.46666326548, "290": 2541.0991308973316, "291": 2467.7315985291852, "292": 2387.3640661610366, "293": 2304.9965337928943, "294": 2239.551447986095, "295": 2177.485934670106, "296": 2115.420421354117, "297": 2053.3549080381285, "298": 2002.289394722141, "299": 1943.223881406151, "300": 1876.1583680901633, "301": 1825.0928547741732, "302": 1791.8608493112022, "303": 1773.6288438482334, "304": 1752.3968383852634, "305": 1731.1648329222962,