{"Simulation index": 0, "Distance unit": "mm", "Simulation Start": "04/10/2022 21:02:23", "Elapsed Time": "0.14 ms", "Error Found": "None", "1": {"1": {"1": 8580.000000000002, "2": 8580.000000000002, "3": 8580.000000000002, "4": 8580.000000000002, "5": 8580.000000000002, "6": 8580.000000000002, "7": 8580.000000000002, "8": 8580.000000000002, "9": 8580.000000000002, "10": 8580.000000000002, "11": 8580.000000000002, "12": 8580.000000000002, "13": 8580.000000000002, "14": 8580.000000000002, "15": 8580.000000000002, "16": 8580.000000000002, "17": 8580.000000000002, "18": 8580.000000000002, "19": 8580.000000000002, "20": 8580.000000000002, "21": 8580.000000000002, "22": 8580.000000000002, "23": 8580.000000000002, "24": 8580.000000000002, "25": 8580.000000000002, "26": 8580.000000000002, "27": 8580.000000000002, "28": 8580.000000000002, "29": 8580.000000000002, "30": 8580.000000000002, "31": 8580.000000000002, "32": 8580.000000000002, "33": 8580.000000000002, "34": 8580.000000000002, "35": 8580.000000000002, "36": 8580.000000000002, "37": 8580.000000000002, "38": 8580.000000000002, "39": 8580.000000000002, "40": 8580.000000000002, "41": 8580.000000000002, "42": 8580.000000000002, "43": 8580.000000000002, "44": 8580.000000000002, "45": 8580.000000000002, "46": 8580.000000000002, "47": 8580.000000000002, "48": 8580.000000000002, "49": 8580.000000000002, "50": 8580.000000000002, "51": 8580.000000000002, "52": 8580.000000000002, "53": 8580.000000000002, "54": 8580.000000000002, "55": 8580.000000000002, "56": 8580.000000000002, "57": 8580.000000000002, "58": 8580.000000000002, "59": 8580.000000000002, "60": 8580.000000000002, "61": 8580.000000000002, "62": 8580.000000000002, "63": 8580.000000000002, "64": 8580.000000000002, "65": 8580.000000000002, "66": 8580.000000000002, "67": 8580.000000000002, "68": 8580.000000000002, "69": 8580.000000000002, "70": 8580.000000000002, "71": 8580.000000000002, "72": 8580.000000000002, "73": 8580.000000000002, "74": 8580.000000000002, "75": 8580.000000000002, "76": 8580.000000000002, "77": 8580.000000000002, "78": 8580.000000000002, "79": 8580.000000000002, "80": 8580.000000000002, "81": 8580.000000000002, "82": 8580.000000000002, "83": 8580.000000000002, "84": 8580.000000000002, "85": 8580.000000000002, "86": 8580.000000000002, "87": 8580.000000000002, "88": 8580.000000000002, "89": 8580.000000000002, "90": 8580.000000000002, "91": 8580.000000000002, "92": 8580.000000000002, "93": 8580.000000000002, "94": 8580.000000000002, "95": 8580.000000000002, "96": 8580.000000000002, "97": 8580.000000000002, "98": 8580.000000000002, "99": 8580.000000000002, "100": 8580.000000000002, "101": 8580.000000000002, "102": 8580.000000000002, "103": 8580.000000000002, "104": 8580.000000000002, "105": 8580.000000000002, "106": 8580.000000000002, "107": 8580.000000000002, "108": 8580.000000000002, "109": 8580.000000000002, "110": 8580.000000000002, "111": 8580.000000000002, "112": 8580.000000000002, "113": 8580.000000000002, "114": 8580.000000000002, "115": 8580.000000000002, "116": 8580.000000000002, "117": 8580.000000000002, "118": 8580.000000000002, "119": 8580.000000000002, "120": 8580.000000000002, "121": 8580.000000000002, "122": 8580.000000000002, "123": 8580.000000000002, "124": 8580.000000000002, "125": 8580.000000000002, "126": 8580.000000000002, "127": 8580.000000000002, "128": 8580.000000000002, "129": 8580.000000000002, "130": 8580.000000000002, "131": 8580.000000000002, "132": 8580.000000000002, "133": 8580.000000000002, "134": 8580.000000000002, "135": 8580.000000000002, "136": 8580.000000000002, "137": 8580.000000000002, "138": 8580.000000000002, "139": 8580.000000000002, "140": 8580.000000000002, "141": 8580.000000000002, "142": 8580.000000000002, "143": 8580.000000000002, "144": 8580.000000000002, "145": 8580.000000000002, "146": 8580.000000000002, "147": 8580.000000000002, "148": 8580.000000000002, "149": 8580.000000000002, "150": 8580.000000000002, "151": 8580.000000000002, "152": 8580.000000000002, "153": 8580.000000000002, "154": 8580.000000000002, "155": 8580.000000000002, "156": 8580.000000000002, "157": 8580.000000000002, "158": 8580.000000000002, "159": 8580.000000000002, "160": 8580.000000000002, "161": 8580.000000000002, "162": 8580.000000000002, "163": 8580.000000000002, "164": 8580.000000000002, "165": 8580.000000000002, "166": 8580.000000000002, "167": 8580.000000000002, "168": 8580.000000000002, "169": 8580.000000000002, "170": 8580.000000000002, "171": 8580.000000000002, "172": 8580.000000000002, "173": 8580.000000000002, "174": 8580.000000000002, "175": 8580.000000000002, "176": 8580.000000000002, "177": 8580.000000000002, "178": 8580.000000000002, "179": 8580.000000000002, "180": 8580.000000000002, "181": 8580.000000000002, "182": 8580.000000000002, "183": 8580.000000000002, "184": 8580.000000000002, "185": 8580.000000000002, "186": 8580.000000000002, "187": 8580.000000000002, "188": 8580.000000000002, "189": 8580.000000000002, "190": 8580.000000000002, "191": 8580.000000000002, "192": 8580.000000000002, "193": 8580.000000000002, "194": 8580.000000000002, "195": 8580.000000000002, "196": 8580.000000000002, "197": 8580.000000000002, "198": 8580.000000000002, "199": 8580.000000000002, "200": 8580.000000000002, "201": 8580.000000000002, "202": 8580.000000000002, "203": 8580.000000000002, "204": 8580.000000000002, "205": 8580.000000000002, "206": 8580.000000000002, "207": 8580.000000000002, "208": 8580.000000000002, "209": 8580.000000000002, "210": 8580.000000000002, "211": 8580.000000000002, "212": 8580.000000000002, "213": 8580.000000000002, "214": 8580.000000000002, "215": 8580.000000000002, "216": 8580.000000000002, "217": 8580.000000000002, "218": 8580.000000000002, "219": 8580.000000000002, "220": 8580.000000000002, "221": 8580.000000000002, "222": 8580.000000000002, "223": 8580.000000000002, "224": 8580.000000000002, "225": 8580.000000000002, "226": 8580.000000000002, "227": 8580.000000000002, "228": 8580.000000000002, "229": 8580.000000000002, "230": 8580.000000000002, "231": 8580.000000000002, "232": 8580.000000000002, "233": 8580.000000000002, "234": 8580.000000000002, "235": 8580.000000000002, "236": 8580.000000000002, "237": 8580.000000000002, "238": 8580.000000000002, "239": 8580.000000000002, "240": 8580.000000000002, "241": 8580.000000000002, "242": 8580.000000000002, "243": 8580.000000000002, "244": 8580.000000000002, "245": 8580.000000000002, "246": 8580.000000000002, "247": 8580.000000000002, "248": 8580.000000000002, "249": 8580.000000000002, "250": 8580.000000000002, "251": 8580.000000000002, "252": 8580.000000000002, "253": 5594.485540302192, "254": 5438.869699380323, "255": 5283.253858458459, "256": 5127.638017536578, "257": 4985.9961918410845, "258": 4879.8275032135525, "259": 4773.658814586018, "260": 4667.490125958494, "261": 4561.32143733096, "262": 4455.152748703426, "263": 4363.035984266002, "264": 4277.299469291343, "265": 4191.562954316682, "266": 4105.826439342023, "267": 4020.089924367364, "268": 3934.353409392704, "269": 3848.616894418045, "270": 3762.880379443385, "271": 3680.4997640031975, "272": 3610.022108947817, "273": 3539.544453892436, "274": 3469.0667988370565, "275": 3398.5891437816754, "276": 3328.1114887262956, "277": 3257.6338336709155, "278": 3187.156178615535, "279": 3124.9146040452533, "280": 3065.7472167316337, "281": 3006.5798294180136, "282": 2947.412442104394, "283": 2888.245054790774, "284": 2829.0776674771537, "285": 2769.910280163535, "286": 2710.7428928499153, "287": 2651.575505536295, "288": 2592.4081182226746, "289": 2553.804339446591, "290": 2524.4877079988614, "291": 2495.171076551135, "292": 2465.854445103402, "293": 2436.5378136556756, "294": 2407.22118220795, "295": 2377.9045507602195, "296": 2376.0, "297": 2376.0, "298": 2376.0, "299": 2376.0, "300": 2378.0969477737076, "301": 2423.5382907247968, "302": 2442.0000000000023, "303": 2442.0000000000023, "304": 2442.0000000000023, "305": 2442.0000000000023, "306": 2442.0000000000023,