{"Simulation index": 5, "Distance unit": "mm", "Simulation Start": "12/10/2022 13:57:38", "Elapsed Time": "0.12 ms", "Error Found": "None", "1": {"1": {"1": 6067.976182580577, "2": 6065.976182580577, "3": 6074.976182580577, "4": 6065.976182580577, "5": 6061.976182580577, "6": 6068.976182580577, "7": 6066.976182580577, "8": 6073.976182580577, "9": 6062.976182580577, "10": 6070.976182580577, "11": 6067.976182580577, "12": 6058.976182580577, "13": 6056.976182580577, "14": 6076.976182580577, "15": 6066.976182580577, "16": 6070.976182580577, "17": 6070.976182580577, "18": 6069.976182580577, "19": 6070.976182580577, "20": 6069.976182580577, "21": 6060.976182580577, "22": 6069.976182580577, "23": 6076.976182580577, "24": 6065.976182580577, "25": 6063.976182580577, "26": 6058.976182580577, "27": 6073.976182580577, "28": 6070.976182580577, "29": 6061.976182580577, "30": 6073.976182580577, "31": 6059.976182580577, "32": 6067.976182580577, "33": 6076.976182580577, "34": 6067.976182580577, "35": 6070.976182580577, "36": 6068.976182580577, "37": 6060.976182580577, "38": 6066.976182580577, "39": 6064.976182580577, "40": 6057.976182580577, "41": 6073.976182580577, "42": 6069.976182580577, "43": 6059.976182580577, "44": 6072.976182580577, "45": 6070.976182580577, "46": 6075.976182580577, "47": 6065.976182580577, "48": 6062.976182580577, "49": 6066.976182580577, "50": 6076.976182580577, "51": 6076.976182580577, "52": 6056.976182580577, "53": 6062.976182580577, "54": 6072.976182580577, "55": 6058.976182580577, "56": 6062.976182580577, "57": 6067.976182580577, "58": 6057.976182580577, "59": 6057.976182580577, "60": 6066.976182580577, "61": 6069.976182580577, "62": 6059.976182580577, "63": 6058.976182580577, "64": 6074.976182580577, "65": 6061.976182580577, "66": 6073.976182580577, "67": 6068.976182580577, "68": 6066.976182580577, "69": 6072.976182580577, "70": 6062.976182580577, "71": 6076.976182580577, "72": 6062.976182580577, "73": 6062.976182580577, "74": 6072.976182580577, "75": 6060.976182580577, "76": 6066.976182580577, "77": 6076.976182580577, "78": 6066.976182580577, "79": 6070.976182580577, "80": 6056.976182580577, "81": 6060.976182580577, "82": 6064.976182580577, "83": 6076.976182580577, "84": 6065.976182580577, "85": 6058.976182580577, "86": 6071.976182580577, "87": 6061.976182580577, "88": 6064.976182580577, "89": 6068.976182580577, "90": 6064.976182580577, "91": 6062.976182580577, "92": 6068.976182580577, "93": 6076.976182580577, "94": 6057.976182580577, "95": 6063.976182580577, "96": 6067.976182580577, "97": 6076.976182580577, "98": 6062.976182580577, "99": 6075.976182580577, "100": 6061.976182580577, "101": 6063.976182580577, "102": 6063.976182580577, "103": 6064.976182580577, "104": 6067.976182580577, "105": 6072.976182580577, "106": 6072.976182580577, "107": 6075.976182580577, "108": 6056.976182580577, "109": 6060.976182580577, "110": 6074.976182580577, "111": 6067.976182580577, "112": 6072.976182580577, "113": 6059.976182580577, "114": 6076.976182580577, "115": 6057.976182580577, "116": 6065.976182580577, "117": 6074.976182580577, "118": 6068.976182580577, "119": 6061.976182580577, "120": 6069.976182580577, "121": 6068.976182580577, "122": 6061.976182580577, "123": 6069.976182580577, "124": 6067.976182580577, "125": 6074.976182580577, "126": 6057.976182580577, "127": 6066.976182580577, "128": 6058.976182580577, "129": 6076.976182580577, "130": 6069.976182580577, "131": 6069.976182580577, "132": 6068.976182580577, "133": 6066.976182580577, "134": 6061.976182580577, "135": 6062.976182580577, "136": 6071.976182580577, "137": 6061.976182580577, "138": 6059.976182580577, "139": 6059.976182580577, "140": 6070.976182580577, "141": 6069.976182580577, "142": 6066.976182580577, "143": 6070.976182580577, "144": 6057.976182580577, "145": 6073.976182580577, "146": 6074.976182580577, "147": 6056.976182580577, "148": 6069.976182580577, "149": 6064.976182580577, "150": 6076.976182580577, "151": 6075.976182580577, "152": 6060.976182580577, "153": 6056.976182580577, "154": 6073.976182580577, "155": 6059.976182580577, "156": 6071.976182580577, "157": 6076.976182580577, "158": 6059.976182580577, "159": 6063.976182580577, "160": 6073.976182580577, "161": 6057.976182580577, "162": 6074.976182580577, "163": 6058.976182580577, "164": 6067.976182580577, "165": 6075.976182580577, "166": 6063.976182580577, "167": 6059.976182580577, "168": 6071.976182580577, "169": 6057.976182580577, "170": 6068.976182580577, "171": 6058.976182580577, "172": 6068.976182580577, "173": 6074.976182580577, "174": 6059.976182580577, "175": 6076.976182580577, "176": 6061.976182580577, "177": 6074.976182580577, "178": 6074.976182580577, "179": 6060.976182580577, "180": 6064.976182580577, "181": 6059.976182580577, "182": 6064.976182580577, "183": 6065.976182580577, "184": 6073.976182580577, "185": 6071.976182580577, "186": 6067.976182580577, "187": 6068.976182580577, "188": 6063.976182580577, "189": 6067.976182580577, "190": 6058.976182580577, "191": 6067.976182580577, "192": 6064.976182580577, "193": 6071.976182580577, "194": 6056.976182580577, "195": 6076.976182580577, "196": 6068.976182580577, "197": 6060.976182580577, "198": 6074.976182580577, "199": 6076.976182580577, "200": 6069.976182580577, "201": 6065.976182580577, "202": 6057.976182580577, "203": 6064.976182580577, "204": 6067.976182580577, "205": 6062.976182580577, "206": 6067.976182580577, "207": 6070.976182580577, "208": 6057.976182580577, "209": 6069.976182580577, "210": 6059.976182580577, "211": 6068.976182580577, "212": 6073.976182580577, "213": 6071.976182580577, "214": 6057.976182580577, "215": 6070.976182580577, "216": 6074.976182580577, "217": 6057.976182580577, "218": 6062.976182580577, "219": 6065.976182580577, "220": 6075.976182580577, "221": 6061.976182580577, "222": 6070.976182580577, "223": 6068.976182580577, "224": 6065.976182580577, "225": 6062.976182580577, "226": 6061.976182580577, "227": 6056.976182580577, "228": 6065.976182580577, "229": 6060.976182580577, "230": 6058.976182580577, "231": 6066.976182580577, "232": 6066.976182580577, "233": 6059.976182580577, "234": 6064.976182580577, "235": 6074.976182580577, "236": 6068.976182580577, "237": 6069.976182580577, "238": 6073.976182580577, "239": 6075.976182580577, "240": 6069.976182580577, "241": 6061.976182580577, "242": 6074.976182580577, "243": 6058.976182580577, "244": 6065.976182580577, "245": 6074.976182580577, "246": 6064.976182580577, "247": 6056.976182580577, "248": 6074.976182580577, "249": 6057.976182580577, "250": 6074.976182580577, "251": 6064.976182580577, "252": 6066.976182580577, "253": 6075.976182580577, "254": 6067.976182580577, "255": 6058.976182580577, "256": 6058.976182580577, "257": 6067.976182580577, "258": 6065.976182580577, "259": 6070.976182580577, "260": 6056.976182580577, "261": 6061.976182580577, "262": 6073.976182580577, "263": 6074.976182580577, "264": 6068.976182580577, "265": 6069.976182580577, "266": 6073.976182580577, "267": 6063.976182580577, "268": 6071.976182580577, "269": 6066.976182580577, "270": 6074.976182580577, "271": 6076.976182580577, "272": 6059.976182580577, "273": 6065.976182580577, "274": 6068.976182580577, "275": 6074.976182580577, "276": 6059.976182580577, "277": 6057.976182580577, "278": 6073.976182580577, "279": 6059.976182580577, "280": 6072.976182580577, "281": 6060.976182580577, "282": 6066.976182580577, "283": 6068.976182580577, "284": 6064.976182580577, "285": 6075.976182580577, "286": 6066.976182580577, "287": 6062.976182580577, "288": 6057.976182580577, "289": 6061.976182580577, "290": 6066.976182580577, "291": 6070.976182580577, "292": 6057.976182580577, "293": 6067.976182580577, "294": 6058.976182580577, "295": 6057.976182580577, "296": 6068.976182580577, "297": 6062.976182580577, "298": 6073.976182580577, "299": 6062.976182580577, "300": 6065.976182580577, "301": 6076.976182580577, "302": 6070.976182580577, "303": 6059.976182580577, "304": 6066.976182580577, "305": 6073.976182580577, "306": 6067.976182580577,