{"Simulation index": 4, "Distance unit": "mm", "Simulation Start": "12/10/2022 13:57:38", "Elapsed Time": "0.11 ms", "Error Found": "None", "1": {"1": {"1": 4947.665309646989, "2": 4959.665309646989, "3": 4952.665309646989, "4": 4949.665309646989, "5": 4962.665309646989, "6": 4948.665309646989, "7": 4944.665309646989, "8": 4956.665309646989, "9": 4958.665309646989, "10": 4957.665309646989, "11": 4963.665309646989, "12": 4963.665309646989, "13": 4960.665309646989, "14": 4947.665309646989, "15": 4951.665309646989, "16": 4945.665309646989, "17": 4954.665309646989, "18": 4957.665309646989, "19": 4946.665309646989, "20": 4961.665309646989, "21": 4958.665309646989, "22": 4957.665309646989, "23": 4954.665309646989, "24": 4950.665309646989, "25": 4950.665309646989, "26": 4949.665309646989, "27": 4949.665309646989, "28": 4958.665309646989, "29": 4954.665309646989, "30": 4947.665309646989, "31": 4957.665309646989, "32": 4952.665309646989, "33": 4960.665309646989, "34": 4960.665309646989, "35": 4945.665309646989, "36": 4955.665309646989, "37": 4944.665309646989, "38": 4960.665309646989, "39": 4950.665309646989, "40": 4953.665309646989, "41": 4960.665309646989, "42": 4960.665309646989, "43": 4943.665309646989, "44": 4957.665309646989, "45": 4950.665309646989, "46": 4957.665309646989, "47": 4961.665309646989, "48": 4960.665309646989, "49": 4955.665309646989, "50": 4962.665309646989, "51": 4961.665309646989, "52": 4955.665309646989, "53": 4957.665309646989, "54": 4943.665309646989, "55": 4949.665309646989, "56": 4946.665309646989, "57": 4959.665309646989, "58": 4961.665309646989, "59": 4944.665309646989, "60": 4945.665309646989, "61": 4952.665309646989, "62": 4948.665309646989, "63": 4947.665309646989, "64": 4952.665309646989, "65": 4947.665309646989, "66": 4948.665309646989, "67": 4948.665309646989, "68": 4950.665309646989, "69": 4948.665309646989, "70": 4953.665309646989, "71": 4951.665309646989, "72": 4954.665309646989, "73": 4962.665309646989, "74": 4948.665309646989, "75": 4954.665309646989, "76": 4943.665309646989, "77": 4943.665309646989, "78": 4948.665309646989, "79": 4957.665309646989, "80": 4963.665309646989, "81": 4963.665309646989, "82": 4948.665309646989, "83": 4952.665309646989, "84": 4957.665309646989, "85": 4961.665309646989, "86": 4962.665309646989, "87": 4946.665309646989, "88": 4958.665309646989, "89": 4945.665309646989, "90": 4950.665309646989, "91": 4963.665309646989, "92": 4949.665309646989, "93": 4952.665309646989, "94": 4945.665309646989, "95": 4960.665309646989, "96": 4960.665309646989, "97": 4944.665309646989, "98": 4961.665309646989, "99": 4947.665309646989, "100": 4958.665309646989, "101": 4944.665309646989, "102": 4949.665309646989, "103": 4958.665309646989, "104": 4955.665309646989, "105": 4958.665309646989, "106": 4959.665309646989, "107": 4946.665309646989, "108": 4946.665309646989, "109": 4954.665309646989, "110": 4957.665309646989, "111": 4948.665309646989, "112": 4945.665309646989, "113": 4953.665309646989, "114": 4946.665309646989, "115": 4956.665309646989, "116": 4960.665309646989, "117": 4956.665309646989, "118": 4952.665309646989, "119": 4944.665309646989, "120": 4951.665309646989, "121": 4962.665309646989, "122": 4948.665309646989, "123": 4946.665309646989, "124": 4949.665309646989, "125": 4963.665309646989, "126": 4954.665309646989, "127": 4943.665309646989, "128": 4949.665309646989, "129": 4953.665309646989, "130": 4960.665309646989, "131": 4952.665309646989, "132": 4963.665309646989, "133": 4961.665309646989, "134": 4957.665309646989, "135": 4954.665309646989, "136": 4954.665309646989, "137": 4951.665309646989, "138": 4955.665309646989, "139": 4946.665309646989, "140": 4956.665309646989, "141": 4945.665309646989, "142": 4959.665309646989, "143": 4943.665309646989, "144": 4947.665309646989, "145": 4947.665309646989, "146": 4962.665309646989, "147": 4958.665309646989, "148": 4963.665309646989, "149": 4962.665309646989, "150": 4943.665309646989, "151": 4950.665309646989, "152": 4958.665309646989, "153": 4962.665309646989, "154": 4960.665309646989, "155": 4960.665309646989, "156": 4952.665309646989, "157": 4945.665309646989, "158": 4947.665309646989, "159": 4953.665309646989, "160": 4943.665309646989, "161": 4959.665309646989, "162": 4954.665309646989, "163": 4952.665309646989, "164": 4953.665309646989, "165": 4952.665309646989, "166": 4956.665309646989, "167": 4961.665309646989, "168": 4956.665309646989, "169": 4957.665309646989, "170": 4943.665309646989, "171": 4954.665309646989, "172": 4961.665309646989, "173": 4948.665309646989, "174": 4963.665309646989, "175": 4956.665309646989, "176": 4955.665309646989, "177": 4958.665309646989, "178": 4948.665309646989, "179": 4948.665309646989, "180": 4957.665309646989, "181": 4960.665309646989, "182": 4960.665309646989, "183": 4960.665309646989, "184": 4960.665309646989, "185": 4946.665309646989, "186": 4962.665309646989, "187": 4956.665309646989, "188": 4958.665309646989, "189": 4943.665309646989, "190": 4954.665309646989, "191": 4954.665309646989, "192": 4957.665309646989, "193": 4950.665309646989, "194": 4962.665309646989, "195": 4946.665309646989, "196": 4945.665309646989, "197": 4946.665309646989, "198": 4957.665309646989, "199": 4959.665309646989, "200": 4951.665309646989, "201": 4962.665309646989, "202": 4962.665309646989, "203": 4943.665309646989, "204": 4945.665309646989, "205": 4947.665309646989, "206": 4950.665309646989, "207": 4948.665309646989, "208": 4946.665309646989, "209": 4953.665309646989, "210": 4954.665309646989, "211": 4955.665309646989, "212": 4955.665309646989, "213": 4960.665309646989, "214": 4960.665309646989, "215": 4959.665309646989, "216": 4962.665309646989, "217": 4946.665309646989, "218": 4943.665309646989, "219": 4947.665309646989, "220": 4957.665309646989, "221": 4961.665309646989, "222": 4950.665309646989, "223": 4946.665309646989, "224": 4959.665309646989, "225": 4959.665309646989, "226": 4957.665309646989, "227": 4955.665309646989, "228": 4956.665309646989, "229": 4947.665309646989, "230": 4958.665309646989, "231": 4948.665309646989, "232": 4951.665309646989, "233": 4952.665309646989, "234": 4955.665309646989, "235": 4950.665309646989, "236": 4962.665309646989, "237": 4961.665309646989, "238": 4953.665309646989, "239": 4949.665309646989, "240": 4954.665309646989, "241": 4947.665309646989, "242": 4951.665309646989, "243": 4946.665309646989, "244": 4949.665309646989, "245": 4950.665309646989, "246": 4949.665309646989, "247": 4944.665309646989, "248": 4944.665309646989, "249": 4946.665309646989, "250": 4953.665309646989, "251": 4944.665309646989, "252": 4958.665309646989, "253": 4949.665309646989, "254": 4963.665309646989, "255": 4961.665309646989, "256": 4961.665309646989, "257": 4945.665309646989, "258": 4957.665309646989, "259": 4951.665309646989, "260": 4945.665309646989, "261": 4953.665309646989, "262": 4945.665309646989, "263": 4946.665309646989, "264": 4957.665309646989, "265": 4962.665309646989, "266": 4962.665309646989, "267": 4947.665309646989, "268": 4960.665309646989, "269": 4943.665309646989, "270": 4963.665309646989, "271": 4950.665309646989, "272": 4961.665309646989, "273": 4961.665309646989, "274": 4954.665309646989, "275": 4943.665309646989, "276": 4957.665309646989, "277": 4953.665309646989, "278": 4955.665309646989, "279": 4944.665309646989, "280": 4946.665309646989, "281": 4945.665309646989, "282": 4963.665309646989, "283": 4946.665309646989, "284": 4949.665309646989, "285": 4956.665309646989, "286": 4949.665309646989, "287": 4944.665309646989, "288": 4944.665309646989, "289": 4956.665309646989, "290": 4945.665309646989, "291": 4959.665309646989, "292": 4953.665309646989, "293": 4958.665309646989, "294": 4962.665309646989, "295": 4955.665309646989, "296": 4961.665309646989, "297": 4950.665309646989, "298": 4951.665309646989, "299": 4963.665309646989, "300": 4952.665309646989, "301": 4955.665309646989, "302": 4963.665309646989, "303": 4962.665309646989, "304": 4952.665309646989, "305": 4956.665309646989, "306": 4955.665309646989,